country,continent,lifeExp,pop,gdpPercap
China,Asia,0.9504127004206065,80757.0,0.477128386497498
Italy,Europe,0.5343173431734317,10149.0,0.41388350725174
Iran,Asia,0.9037061548643283,8042.0,-0.430217295885086
South Korea,Asia,0.8205980066445182,7513.0,1.18266487121582
Spain,Europe,0.4776119402985075,1695.0,1.00213575363159
Japan,Asia,0.9099099099099099,581.0,1.67581748962402
Singapore,Asia,1.0,160.0,2.23147439956665
"Hong Kong, China",Asia,0.9558823529411765,120.0,1.90360701084137
